The	O
cDNA	O
inserts	O
of	O
these	O
clones	O
together	O
encompass	O
a	O
region	O
of	O
2	O
,	O
177	O
bases	O
,	O
encoding	O
the	O
entire	O
protein	O
of	O
655	O
amino	O
acids	O
,	O
including	O
a	O
40	O
-	O
amino	O
acid	O
leader	O
peptide	O
and	O
a	O
615	O
-	O
amino	O
acid	O
mature	O
polypeptide	O
.	O

Genotyping	O
was	O
determined	O
by	O
the	O
polymerase	O
chain	O
reaction	O
-	O
restriction	O
fragment	O
length	O
polymorphism	O
(	O
PCR	O
-	O
RFLP	O
)	O
technique	O
.	O

DESIGN	O
:	O
A	O
retrospective	O
observational	O
cohort	O
study	O
.	O

Previous	O
studies	O
have	O
implicated	O
replication	O
stalling	O
as	O
a	O
mechanism	O
for	O
mtDNA	O
depletion	O
.	O

Three	O
aberrantly	O
spliced	O
cDNA	O
species	O
were	O
identified	O
:	O
exon	O
22	O
and	O
exon	O
22	O
to	O
23	O
skipping	O
,	O
and	O
insertion	O
of	O
an	O
87	O
-	O
base	O
pair	O
cryptic	O
exon	O
.	O

In	O
vitro	O
,	O
the	O
HK2	B-CellLine
cells	O
were	O
treated	O
with	O
iopamidol	B-Chemical
in	O
the	O
presence	O
or	O
absence	O
of	O
atorvastatin	B-Chemical
,	O
heat	B-Gene
shock	I-Gene
protein	I-Gene
(	I-Gene
Hsp	I-Gene
)	I-Gene
27	I-Gene
small	O
interfering	O
(	O
si	O
)	O
RNA	O
or	O
pcDNA3.1	O
-	O
Hsp27	B-Gene
.	O

Seven	O
novel	O
single	O
-	O
nucleotide	O
polymorphisms	O
(	O
SNPs	O
)	O
were	O
also	O
found	O
,	O
of	O
which	O
a	O
change	O
of	O
leucine	B-Variant
269	I-Variant
to	I-Variant
phenylalanine	I-Variant
(	O
Leu269Phe	B-Variant
)	O
was	O
found	O
in	O
12	O
of	O
18	O
patients	B-Species
with	O
the	O
Arg555Trp	B-Variant
mutation	O
.	O

Physicians	O
prescribing	O
clonidine	B-Chemical
should	O
monitor	O
for	O
bradycardia	B-Disease
and	O
advise	O
patients	B-Species
about	O
the	O
high	O
likelihood	O
of	O
initial	O
drowsiness	B-Disease
.	O

On	O
an	O
intention	O
-	O
to	O
-	O
treat	O
basis	O
,	O
55	O
%	O
of	O
the	O
patients	B-Species
achieved	O
at	O
least	O
partial	O
response	O
,	O
including	O
19	O
%	O
CR	O
and	O
35	O
%	O
achieved	O
at	O
least	O
very	O
good	O
partial	O
response	O
.	O

Permeability	O
was	O
assessed	O
using	O
isolated	O
kidney	O
perfusion	O
with	O
tracers	O
.	O

Meanwhile	O
,	O
BDNF	B-Gene
increased	O
cell	O
viability	O
,	O
inhibited	O
apoptosis	O
and	O
DNA	O
damage	O
of	O
Dox	B-Chemical
-	O
treated	O
H9c2	B-CellLine
cells	O
.	O

Titration	O
studies	O
showed	O
that	O
the	O
assay	O
could	O
reliably	O
detect	O
one	O
copy	O
of	O
the	O
mutant	O
allele	O
in	O
a	O
mix	O
of	O
100	O
wild	O
-	O
type	O
alleles	O
.	O

Genotype	O
and	O
allele	O
were	O
analyzed	O
using	O
SPSS	O
11.5	O
software	O
.	O

To	O
our	O
knowledge	O
,	O
these	O
two	O
mutations	O
have	O
not	O
been	O
previously	O
reported	O
.	O

Genomic	O
DNA	O
extracted	O
from	O
peripheral	O
blood	O
was	O
amplified	O
by	O
polymerase	O
chain	O
reaction	O
(	O
PCR	O
)	O
method	O
and	O
the	O
exons	O
of	O
all	O
candidate	O
genes	O
were	O
sequenced	O
.	O

Electroencephalographic	O
activity	O
was	O
recorded	O
in	O
11	O
of	O
these	O
patients	B-Species
,	O
and	O
all	O
patients	B-Species
had	O
a	O
formal	O
neurological	O
evaluation	O
and	O
brain	O
imaging	O
studies	O
.	O

The	O
development	O
of	O
ESRD	B-Disease
decreases	O
survival	O
,	O
particularly	O
in	O
those	O
patients	B-Species
treated	O
with	O
dialysis	O
only	O
.	O

RESULTS	O
:	O
The	O
rDEN2	O
Delta30	B-Variant
virus	O
was	O
ten	O
-	O
fold	O
reduced	O
in	O
replication	O
in	O
SCID	B-CellLine
-	I-CellLine
HuH	I-CellLine
-	I-CellLine
7	I-CellLine
mice	B-Species
when	O
compared	O
to	O
the	O
parent	O
virus	O
.	O

Status	B-Disease
epilepticus	I-Disease
in	O
rat	B-Species
causes	O
an	O
age	O
-	O
dependent	O
,	O
long	O
-	O
term	O
impairment	B-Disease
in	I-Disease
auditory	I-Disease
discrimination	I-Disease
.	O

Emodin	B-Chemical
markedly	O
inhibited	O
the	O
proliferation	O
of	O
HCT116	B-CellLine
cells	O
and	O
a	O
higher	O
protein	O
level	O
of	O
FASN	B-Gene
was	O
expressed	O
,	O
compared	O
with	O
that	O
in	O
SW480	B-CellLine
,	O
SNU	B-CellLine
-	I-CellLine
C2A	I-CellLine
or	O
SNU	B-CellLine
-	I-CellLine
C5	I-CellLine
cells	O
.	O

A	O
70	O
%	O
reduction	O
in	O
Wnt	B-Gene
signaling	O
was	O
also	O
observed	O
in	O
the	O
SF188	B-CellLine
and	O
SJ	B-CellLine
-	I-CellLine
GBM2	I-CellLine
UCHL1	B-Gene
knockdowns	O
(	O
KDs	O
)	O
using	O
a	O
TCF	B-Gene
-	O
dependent	O
TOPflash	O
reporter	O
assay	O
.	O

METHODS	O
:	O
The	O
single	O
nucleotide	O
polymorphisms	O
(	O
SNP	O
)	O
at	O
positions	O
-	O
1123	O
(	O
rs2488457	B-Variant
)	O
,	O
+	O
1858	O
(	O
rs2476601	B-Variant
,	O
the	O
R620W	B-Variant
substitution	O
)	O
,	O
and	O
+	O
2740	O
(	O
rs1217412	B-Variant
)	O
were	O
genotyped	O
using	O
TaqMan	O
assays	O
in	O
372	O
subjects	O
with	O
childhood	O
-	O
onset	O
T1D	B-Disease
,	O
130	O
subjects	O
with	O
JIA	B-Disease
,	O
and	O
400	O
control	O
subjects	O
of	O
Czech	O
origin	O
,	O
and	O
in	O
160	O
subjects	O
with	O
T1D	B-Disease
and	O
271	O
healthy	O
controls	O
of	O
Azeri	O
origin	O
.	O

After	O
admission	O
,	O
the	O
patient	B-Species
received	O
a	O
continuous	O
intravenous	O
infusion	O
of	O
5	B-Chemical
-	I-Chemical
FU	I-Chemical
(	O
1000	O
mg	O
/	O
day	O
)	O
,	O
during	O
which	O
precordial	B-Disease
pain	I-Disease
with	O
right	B-Disease
bundle	I-Disease
branch	I-Disease
block	I-Disease
occurred	O
concomitantly	O
with	O
a	O
high	O
serum	O
FBAL	B-Chemical
concentration	O
of	O
1955	O
ng	O
/	O
ml	O
.	O

Interestingly	O
,	O
the	O
differential	O
expression	O
of	O
miRNA	O
in	O
mice	B-Species
also	O
corroborated	O
with	O
the	O
miRNA	O
expression	O
in	O
human	B-Species
PC	B-Disease
cell	O
lines	O
and	O
tissue	O
samples	O
;	O
ectopic	O
expression	O
of	O
Let	B-Gene
-	I-Gene
7b	I-Gene
in	O
CD18	B-CellLine
/	I-CellLine
HPAF	I-CellLine
and	O
Capan1	B-CellLine
cells	O
resulted	O
in	O
the	O
downregulation	O
of	O
KRAS	B-Gene
and	O
MSST1	B-Gene
expression	O
.	O

This	O
study	O
was	O
designed	O
to	O
evaluate	O
the	O
alterations	O
in	O
offspring	O
rat	B-Species
cerebellum	O
induced	O
by	O
maternal	O
exposure	O
to	O
carmustine	B-Chemical
-	O
[	O
1,3	B-Chemical
-	I-Chemical
bis	I-Chemical
(	I-Chemical
2	I-Chemical
-	I-Chemical
chloroethyl	I-Chemical
)	I-Chemical
-	I-Chemical
1	I-Chemical
-	I-Chemical
nitrosoure	I-Chemical
]	O
(	O
BCNU	B-Chemical
)	O
and	O
to	O
investigate	O
the	O
effects	O
of	O
exogenous	O
melatonin	B-Chemical
upon	O
cerebellar	O
BCNU	B-Chemical
-	O
induced	O
cortical	B-Disease
dysplasia	I-Disease
,	O
using	O
histological	O
and	O
biochemical	O
analyses	O
.	O

We	O
identified	O
two	O
silent	O
and	O
one	O
missense	O
(	O
Pro75	B-Variant
Ala	I-Variant
)	O
variant	O
.	O

An	O
RT	O
-	O
PCR	O
fragment	O
retaining	O
43	O
bp	O
of	O
intron	O
8	O
was	O
consistently	O
detected	O
suggesting	O
that	O
the	O
33	B-Variant
-	I-Variant
bp	I-Variant
genomic	I-Variant
deletion	I-Variant
had	O
elicited	O
NMD	O
.	O

